id,name,city,zipcode
L_0,Location_62,City_8,68909
L_1,Location_29,City_4,42364
L_2,Location_64,City_3,31576
L_3,Location_29,City_4,55664
L_4,Location_11,City_7,80192
L_5,Location_74,City_9,44430
L_6,Location_24,City_8,99872
L_7,Location_4,City_7,42127
L_8,Location_39,City_7,76105
L_9,Location_22,City_5,28925
L_10,Location_13,City_1,55859
L_11,Location_81,City_4,10855
L_12,Location_15,City_8,84036
L_13,Location_69,City_2,16322
L_14,Location_37,City_6,15544
L_15,Location_64,City_2,61254
L_16,Location_48,City_6,30248
L_17,Location_76,City_9,60393
L_18,Location_15,City_6,55272
L_19,Location_81,City_1,15094
L_20,Location_48,City_4,88540
L_21,Location_92,City_5,64811
L_22,Location_69,City_10,96054
L_23,Location_70,City_6,30685
L_24,Location_23,City_2,36780
L_25,Location_10,City_7,28572
L_26,Location_2,City_3,68806
L_27,Location_63,City_6,85167
L_28,Location_25,City_4,47843
L_29,Location_59,City_9,73244
L_30,Location_47,City_1,74139
L_31,Location_87,City_7,64119
L_32,Location_18,City_8,66310
L_33,Location_92,City_3,96050
L_34,Location_10,City_9,81316
L_35,Location_76,City_1,50756
L_36,Location_73,City_3,70511
L_37,Location_44,City_3,32238
L_38,Location_21,City_4,11001
L_39,Location_22,City_9,16586
L_40,Location_99,City_3,86170
L_41,Location_63,City_3,15342
L_42,Location_50,City_5,33063
L_43,Location_11,City_9,42839
L_44,Location_72,City_3,84865
L_45,Location_10,City_8,43722
L_46,Location_75,City_4,51428
L_47,Location_16,City_10,82584
L_48,Location_94,City_4,36251
L_49,Location_34,City_3,41013
L_50,Location_37,City_2,54214
L_51,Location_31,City_1,32040
L_52,Location_49,City_2,36652
L_53,Location_13,City_2,33235
L_54,Location_86,City_5,60561
L_55,Location_14,City_10,88020
L_56,Location_39,City_9,32683
L_57,Location_82,City_3,44755
L_58,Location_89,City_10,48391
L_59,Location_18,City_9,47686
L_60,Location_68,City_2,85446
L_61,Location_26,City_5,78772
L_62,Location_8,City_9,47916
L_63,Location_41,City_2,86300
L_64,Location_68,City_5,20770
L_65,Location_24,City_9,74150
L_66,Location_27,City_5,41880
L_67,Location_94,City_1,43454
L_68,Location_13,City_6,29862
L_69,Location_9,City_8,25051
L_70,Location_43,City_4,18769
L_71,Location_70,City_5,76876
L_72,Location_10,City_3,98966
L_73,Location_13,City_3,95703
L_74,Location_21,City_1,51093
L_75,Location_99,City_6,75740
L_76,Location_75,City_4,52749
L_77,Location_61,City_9,76166
L_78,Location_84,City_9,47854
L_79,Location_21,City_8,29660
L_80,Location_96,City_6,22197
L_81,Location_33,City_3,43912
L_82,Location_40,City_5,35388
L_83,Location_61,City_9,75406
L_84,Location_43,City_3,51672
L_85,Location_99,City_1,54125
L_86,Location_70,City_3,95917
L_87,Location_9,City_3,32297
L_88,Location_2,City_7,97764
L_89,Location_97,City_10,62042
L_90,Location_71,City_3,99254
L_91,Location_11,City_3,52058
L_92,Location_39,City_10,62663
L_93,Location_45,City_2,48235
L_94,Location_2,City_3,36826
L_95,Location_58,City_10,92349
L_96,Location_9,City_5,85330
L_97,Location_17,City_2,15527
L_98,Location_65,City_4,87094
L_99,Location_4,City_1,76102
L_100,Location_52,City_4,29523
L_101,Location_84,City_1,56257
L_102,Location_87,City_6,33165
L_103,Location_42,City_8,15094
L_104,Location_76,City_1,25271
L_105,Location_6,City_7,96966
L_106,Location_91,City_2,81247
L_107,Location_36,City_10,48791
L_108,Location_5,City_2,46779
L_109,Location_24,City_9,22420
L_110,Location_55,City_3,43915
L_111,Location_55,City_8,35372
L_112,Location_35,City_8,83775
L_113,Location_90,City_1,27663
L_114,Location_3,City_9,30558
L_115,Location_92,City_5,85977
L_116,Location_25,City_9,80250
L_117,Location_16,City_7,31272
L_118,Location_97,City_9,66166
L_119,Location_56,City_1,92998
L_120,Location_48,City_5,30384
L_121,Location_76,City_3,44586
L_122,Location_41,City_2,32248
L_123,Location_50,City_9,85755
L_124,Location_5,City_5,80434
L_125,Location_3,City_7,25447
L_126,Location_15,City_9,65363
L_127,Location_39,City_10,74740
L_128,Location_46,City_1,45131
L_129,Location_67,City_9,16015
L_130,Location_17,City_3,33891
L_131,Location_49,City_4,93738
L_132,Location_40,City_3,22942
L_133,Location_8,City_4,19864
L_134,Location_98,City_1,34413
L_135,Location_84,City_4,57683
L_136,Location_44,City_3,45502
L_137,Location_96,City_4,38097
L_138,Location_15,City_9,88246
L_139,Location_7,City_10,92048
L_140,Location_54,City_2,73425
L_141,Location_95,City_10,44727
L_142,Location_12,City_4,19768
L_143,Location_28,City_3,73785
L_144,Location_26,City_1,35389
L_145,Location_2,City_10,42590
L_146,Location_48,City_6,87338
L_147,Location_45,City_6,66319
L_148,Location_100,City_3,97844
L_149,Location_36,City_10,89997
L_150,Location_32,City_7,35909
L_151,Location_51,City_4,78687
L_152,Location_70,City_4,35179
L_153,Location_38,City_7,84058
L_154,Location_77,City_1,67123
L_155,Location_28,City_3,81843
L_156,Location_7,City_6,53571
L_157,Location_34,City_7,99727
L_158,Location_81,City_5,27264
L_159,Location_34,City_2,30507
L_160,Location_58,City_7,36662
L_161,Location_78,City_8,87950
L_162,Location_90,City_1,99203
L_163,Location_43,City_6,19348
L_164,Location_98,City_10,41789
L_165,Location_49,City_3,96305
L_166,Location_19,City_4,41157
L_167,Location_83,City_1,61067
L_168,Location_39,City_1,58522
L_169,Location_63,City_5,79884
L_170,Location_47,City_3,98591
L_171,Location_20,City_7,65716
L_172,Location_23,City_1,46243
L_173,Location_57,City_3,91601
L_174,Location_44,City_9,88202
L_175,Location_53,City_4,14219
L_176,Location_49,City_2,56061
L_177,Location_9,City_5,71591
L_178,Location_3,City_4,29640
L_179,Location_20,City_8,47142
L_180,Location_18,City_4,46360
L_181,Location_97,City_7,45768
L_182,Location_1,City_10,69634
L_183,Location_60,City_1,89945
L_184,Location_85,City_6,77081
L_185,Location_77,City_2,96354
L_186,Location_63,City_6,49446
L_187,Location_65,City_10,93462
L_188,Location_85,City_1,71708
L_189,Location_15,City_1,43215
L_190,Location_25,City_5,97534
L_191,Location_23,City_8,95613
L_192,Location_84,City_2,15578
L_193,Location_58,City_1,77074
L_194,Location_49,City_1,85201
L_195,Location_39,City_3,93845
L_196,Location_79,City_7,52105
L_197,Location_60,City_9,54602
L_198,Location_71,City_4,28309
L_199,Location_43,City_2,62782
L_200,Location_21,City_7,48220
L_201,Location_95,City_7,68114
L_202,Location_14,City_2,63976
L_203,Location_25,City_2,13873
L_204,Location_55,City_1,19559
L_205,Location_94,City_4,83986
L_206,Location_95,City_6,27175
L_207,Location_92,City_9,41158
L_208,Location_72,City_5,94336
L_209,Location_66,City_9,22838
L_210,Location_48,City_6,21958
L_211,Location_95,City_4,71874
L_212,Location_100,City_10,64683
L_213,Location_20,City_9,22548
L_214,Location_17,City_5,10846
L_215,Location_41,City_4,49904
L_216,Location_48,City_6,64339
L_217,Location_45,City_9,11075
L_218,Location_41,City_3,92929
L_219,Location_63,City_6,59696
L_220,Location_42,City_10,67974
L_221,Location_9,City_4,49789
L_222,Location_54,City_6,83459
L_223,Location_36,City_8,38952
L_224,Location_61,City_5,95603
L_225,Location_8,City_1,97872
L_226,Location_39,City_1,26298
L_227,Location_90,City_3,44132
L_228,Location_33,City_6,90796
L_229,Location_91,City_10,88275
L_230,Location_90,City_3,37616
L_231,Location_57,City_4,62886
L_232,Location_7,City_7,30304
L_233,Location_34,City_2,45526
L_234,Location_14,City_6,16738
L_235,Location_59,City_6,44919
L_236,Location_71,City_5,83770
L_237,Location_23,City_9,65544
L_238,Location_73,City_10,45699
L_239,Location_83,City_8,90117
L_240,Location_43,City_2,33392
L_241,Location_27,City_7,53714
L_242,Location_59,City_4,56454
L_243,Location_81,City_2,25136
L_244,Location_99,City_4,54858
L_245,Location_76,City_1,26021
L_246,Location_18,City_2,29549
L_247,Location_76,City_10,90808
L_248,Location_9,City_4,21806
L_249,Location_94,City_1,42435
L_250,Location_98,City_4,61687
L_251,Location_70,City_9,31844
L_252,Location_1,City_5,42313
L_253,Location_77,City_1,30433
L_254,Location_44,City_5,10901
L_255,Location_46,City_10,76895
L_256,Location_36,City_1,58253
L_257,Location_89,City_1,91743
L_258,Location_18,City_9,43263
L_259,Location_16,City_1,10473
L_260,Location_7,City_3,15825
L_261,Location_14,City_2,49240
L_262,Location_31,City_6,10350
L_263,Location_25,City_3,59161
L_264,Location_6,City_2,98767
L_265,Location_39,City_5,78599
L_266,Location_14,City_7,22149
L_267,Location_68,City_9,53688
L_268,Location_86,City_9,10445
L_269,Location_73,City_10,70403
L_270,Location_39,City_2,21151
L_271,Location_46,City_1,38744
L_272,Location_76,City_9,59660
L_273,Location_72,City_2,51450
L_274,Location_58,City_7,40752
L_275,Location_85,City_5,28865
L_276,Location_96,City_2,10967
L_277,Location_2,City_6,63144
L_278,Location_9,City_9,62026
L_279,Location_85,City_2,92615
L_280,Location_44,City_6,36209
L_281,Location_90,City_4,78635
L_282,Location_44,City_9,99313
L_283,Location_5,City_9,63799
L_284,Location_6,City_3,98764
L_285,Location_15,City_3,15731
L_286,Location_45,City_6,98449
L_287,Location_88,City_10,65901
L_288,Location_2,City_2,38657
L_289,Location_96,City_10,81222
L_290,Location_78,City_1,99326
L_291,Location_38,City_10,91143
L_292,Location_95,City_8,25025
L_293,Location_51,City_3,41092
L_294,Location_76,City_10,42387
L_295,Location_29,City_5,15540
L_296,Location_57,City_9,90759
L_297,Location_48,City_7,83794
L_298,Location_15,City_7,37177
L_299,Location_45,City_1,67704
L_300,Location_23,City_3,96662
L_301,Location_42,City_3,49696
L_302,Location_61,City_2,47690
L_303,Location_2,City_6,60743
L_304,Location_69,City_7,81891
L_305,Location_9,City_5,26599
L_306,Location_52,City_2,39403
L_307,Location_44,City_6,39691
L_308,Location_94,City_4,48397
L_309,Location_82,City_6,76478
L_310,Location_36,City_5,70953
L_311,Location_7,City_9,23568
L_312,Location_6,City_1,65755
L_313,Location_52,City_1,32204
L_314,Location_82,City_3,76432
L_315,Location_11,City_4,56873
L_316,Location_24,City_10,33899
L_317,Location_58,City_3,73448
L_318,Location_15,City_10,31218
L_319,Location_98,City_1,35190
L_320,Location_62,City_8,61803
L_321,Location_43,City_10,55611
L_322,Location_78,City_9,51717
L_323,Location_13,City_3,72054
L_324,Location_43,City_5,59873
L_325,Location_13,City_2,46534
L_326,Location_41,City_9,80854
L_327,Location_17,City_4,85231
L_328,Location_55,City_6,59853
L_329,Location_34,City_5,72181
L_330,Location_83,City_3,53820
L_331,Location_4,City_6,40744
L_332,Location_94,City_1,17232
L_333,Location_84,City_1,32364
L_334,Location_53,City_3,13117
L_335,Location_62,City_7,88823
L_336,Location_53,City_3,42025
L_337,Location_3,City_2,62529
L_338,Location_24,City_9,81864
L_339,Location_7,City_6,40561
L_340,Location_27,City_8,26849
L_341,Location_47,City_7,39139
L_342,Location_22,City_5,50616
L_343,Location_82,City_5,55001
L_344,Location_24,City_4,78219
L_345,Location_33,City_2,78496
L_346,Location_54,City_6,74130
L_347,Location_40,City_4,33295
L_348,Location_98,City_7,82754
L_349,Location_20,City_6,25871
L_350,Location_38,City_4,57120
L_351,Location_2,City_2,82949
L_352,Location_92,City_9,38865
L_353,Location_97,City_7,45776
L_354,Location_72,City_7,60038
L_355,Location_78,City_1,72723
L_356,Location_100,City_3,19406
L_357,Location_43,City_7,59516
L_358,Location_21,City_5,48692
L_359,Location_42,City_8,68967
L_360,Location_100,City_3,45202
L_361,Location_25,City_7,65508
L_362,Location_48,City_5,88742
L_363,Location_98,City_5,18864
L_364,Location_98,City_6,34581
L_365,Location_45,City_3,19300
L_366,Location_42,City_1,72772
L_367,Location_69,City_9,21053
L_368,Location_18,City_8,65021
L_369,Location_65,City_3,19878
L_370,Location_46,City_1,98510
L_371,Location_8,City_2,22232
L_372,Location_51,City_2,57935
L_373,Location_87,City_4,52348
L_374,Location_63,City_10,46036
L_375,Location_46,City_4,68452
L_376,Location_14,City_5,10969
L_377,Location_90,City_4,58529
L_378,Location_70,City_6,44506
L_379,Location_49,City_7,64586
L_380,Location_60,City_10,72929
L_381,Location_38,City_7,23224
L_382,Location_55,City_10,85446
L_383,Location_46,City_3,30912
L_384,Location_79,City_7,33710
L_385,Location_71,City_4,90309
L_386,Location_17,City_5,89660
L_387,Location_59,City_5,49672
L_388,Location_75,City_3,70668
L_389,Location_19,City_9,61216
L_390,Location_64,City_5,57387
L_391,Location_82,City_6,50294
L_392,Location_43,City_3,19562
L_393,Location_68,City_5,76154
L_394,Location_71,City_8,76799
L_395,Location_72,City_8,53688
L_396,Location_24,City_1,87891
L_397,Location_15,City_3,81695
L_398,Location_45,City_5,98438
L_399,Location_96,City_9,62598
L_400,Location_53,City_9,16753
L_401,Location_40,City_2,19836
L_402,Location_25,City_9,77737
L_403,Location_12,City_3,41739
L_404,Location_9,City_9,14793
L_405,Location_13,City_6,69338
L_406,Location_67,City_2,72117
L_407,Location_11,City_7,95160
L_408,Location_94,City_3,21390
L_409,Location_71,City_3,96087
L_410,Location_28,City_2,80273
L_411,Location_6,City_1,16451
L_412,Location_27,City_6,76965
L_413,Location_64,City_2,91066
L_414,Location_72,City_7,89279
L_415,Location_23,City_8,34047
L_416,Location_95,City_4,85941
L_417,Location_92,City_5,85285
L_418,Location_66,City_1,20562
L_419,Location_69,City_2,44982
L_420,Location_83,City_5,37181
L_421,Location_75,City_5,30381
L_422,Location_80,City_7,69441
L_423,Location_99,City_8,64585
L_424,Location_7,City_2,74371
L_425,Location_52,City_7,67259
L_426,Location_65,City_10,68784
L_427,Location_11,City_2,29230
L_428,Location_65,City_1,86223
L_429,Location_22,City_6,92777
L_430,Location_91,City_8,28662
L_431,Location_78,City_1,35902
L_432,Location_12,City_2,88668
L_433,Location_48,City_4,27916
L_434,Location_71,City_1,36383
L_435,Location_29,City_5,55722
L_436,Location_49,City_2,73728
L_437,Location_11,City_8,46445
L_438,Location_37,City_2,90070
L_439,Location_81,City_6,18024
L_440,Location_90,City_6,70886
L_441,Location_64,City_5,41574
L_442,Location_12,City_6,48544
L_443,Location_63,City_1,72662
L_444,Location_2,City_8,26902
L_445,Location_69,City_1,94174
L_446,Location_8,City_5,14404
L_447,Location_48,City_7,48843
L_448,Location_90,City_1,33818
L_449,Location_30,City_9,48803
L_450,Location_43,City_9,54089
L_451,Location_50,City_1,17477
L_452,Location_97,City_7,60376
L_453,Location_69,City_7,84778
L_454,Location_93,City_2,67275
L_455,Location_12,City_9,98284
L_456,Location_57,City_4,59001
L_457,Location_10,City_9,94322
L_458,Location_90,City_3,16486
L_459,Location_73,City_1,25003
L_460,Location_9,City_3,13871
L_461,Location_40,City_10,22831
L_462,Location_64,City_9,10643
L_463,Location_78,City_1,51675
L_464,Location_24,City_9,53727
L_465,Location_91,City_8,54547
L_466,Location_23,City_10,56665
L_467,Location_42,City_6,73033
L_468,Location_76,City_1,42869
L_469,Location_31,City_1,73311
L_470,Location_54,City_2,21785
L_471,Location_12,City_8,26692
L_472,Location_1,City_2,19016
L_473,Location_40,City_3,65701
L_474,Location_88,City_9,43732
L_475,Location_58,City_2,19578
L_476,Location_26,City_6,26547
L_477,Location_4,City_2,28401
L_478,Location_80,City_4,44580
L_479,Location_66,City_10,80375
L_480,Location_63,City_4,44295
L_481,Location_71,City_3,69936
L_482,Location_58,City_7,33578
L_483,Location_84,City_10,90673
L_484,Location_96,City_7,53193
L_485,Location_80,City_9,30878
L_486,Location_52,City_10,13763
L_487,Location_31,City_6,11775
L_488,Location_42,City_10,72855
L_489,Location_83,City_3,35695
L_490,Location_20,City_3,22586
L_491,Location_14,City_2,73664
L_492,Location_99,City_1,63347
L_493,Location_24,City_2,95512
L_494,Location_36,City_6,94290
L_495,Location_42,City_2,59857
L_496,Location_57,City_10,74342
L_497,Location_59,City_1,38071
L_498,Location_17,City_8,30305
L_499,Location_66,City_5,13319
L_500,Location_80,City_1,10349
L_501,Location_3,City_10,81288
L_502,Location_21,City_5,56926
L_503,Location_7,City_7,51959
L_504,Location_47,City_4,79601
L_505,Location_72,City_9,34972
L_506,Location_85,City_4,12192
L_507,Location_98,City_10,59302
L_508,Location_71,City_4,81934
L_509,Location_55,City_8,97852
L_510,Location_70,City_1,37065
L_511,Location_12,City_5,11851
L_512,Location_23,City_8,55782
L_513,Location_8,City_3,99422
L_514,Location_7,City_7,11671
L_515,Location_77,City_6,79001
L_516,Location_35,City_3,62849
L_517,Location_11,City_10,29382
L_518,Location_50,City_4,89077
L_519,Location_15,City_2,88198
L_520,Location_94,City_4,23080
L_521,Location_59,City_2,12597
L_522,Location_25,City_1,66234
L_523,Location_59,City_3,19606
L_524,Location_4,City_6,95905
L_525,Location_41,City_5,22951
L_526,Location_61,City_3,33678
L_527,Location_29,City_1,57911
L_528,Location_17,City_3,51133
L_529,Location_38,City_4,21228
L_530,Location_86,City_10,28052
L_531,Location_88,City_5,69309
L_532,Location_84,City_1,12070
L_533,Location_13,City_3,49268
L_534,Location_1,City_4,15098
L_535,Location_96,City_3,16405
L_536,Location_74,City_6,61210
L_537,Location_92,City_4,67404
L_538,Location_92,City_3,55806
L_539,Location_68,City_2,16440
L_540,Location_100,City_1,14401
L_541,Location_95,City_3,16363
L_542,Location_32,City_9,67083
L_543,Location_74,City_7,90942
L_544,Location_80,City_3,93876
L_545,Location_43,City_4,62419
L_546,Location_23,City_7,38969
L_547,Location_75,City_3,92662
L_548,Location_96,City_10,31219
L_549,Location_62,City_7,97606
L_550,Location_27,City_10,65181
L_551,Location_59,City_4,91474
L_552,Location_85,City_9,83570
L_553,Location_69,City_10,43477
L_554,Location_18,City_8,92104
L_555,Location_73,City_4,42882
L_556,Location_78,City_5,53804
L_557,Location_88,City_6,88101
L_558,Location_62,City_7,68352
L_559,Location_25,City_3,21019
L_560,Location_12,City_9,60054
L_561,Location_92,City_3,26482
L_562,Location_73,City_7,68592
L_563,Location_67,City_10,87068
L_564,Location_91,City_8,26114
L_565,Location_57,City_6,79038
L_566,Location_28,City_9,91311
L_567,Location_54,City_1,80560
L_568,Location_91,City_5,91564
L_569,Location_24,City_6,93744
L_570,Location_2,City_9,63256
L_571,Location_15,City_1,18751
L_572,Location_20,City_1,85839
L_573,Location_28,City_2,17926
L_574,Location_17,City_3,70696
L_575,Location_48,City_4,39921
L_576,Location_63,City_8,87251
L_577,Location_21,City_4,17596
L_578,Location_83,City_6,98092
L_579,Location_28,City_8,98208
L_580,Location_59,City_8,86814
L_581,Location_71,City_10,44723
L_582,Location_4,City_9,18735
L_583,Location_93,City_10,46965
L_584,Location_6,City_5,31605
L_585,Location_54,City_6,75164
L_586,Location_45,City_9,43657
L_587,Location_35,City_7,28241
L_588,Location_85,City_2,14155
L_589,Location_93,City_5,78013
L_590,Location_49,City_2,65568
L_591,Location_78,City_4,83052
L_592,Location_20,City_10,65440
L_593,Location_43,City_6,33714
L_594,Location_20,City_7,23550
L_595,Location_50,City_1,49272
L_596,Location_24,City_2,19920
L_597,Location_5,City_5,14494
L_598,Location_50,City_5,38733
L_599,Location_69,City_4,18230
L_600,Location_20,City_6,56098
L_601,Location_68,City_10,70000
L_602,Location_1,City_8,43230
L_603,Location_48,City_1,49235
L_604,Location_30,City_4,12815
L_605,Location_53,City_2,90006
L_606,Location_84,City_1,67346
L_607,Location_48,City_5,56464
L_608,Location_6,City_6,85898
L_609,Location_67,City_10,64552
L_610,Location_19,City_4,50807
L_611,Location_41,City_3,34687
L_612,Location_5,City_2,43812
L_613,Location_8,City_10,55531
L_614,Location_49,City_1,40590
L_615,Location_94,City_8,95013
L_616,Location_4,City_6,60056
L_617,Location_77,City_5,92279
L_618,Location_20,City_6,87826
L_619,Location_19,City_6,58947
L_620,Location_46,City_5,71480
L_621,Location_52,City_6,44388
L_622,Location_55,City_3,68850
L_623,Location_13,City_4,91483
L_624,Location_99,City_6,13844
L_625,Location_96,City_7,80773
L_626,Location_81,City_1,68548
L_627,Location_37,City_10,68316
L_628,Location_41,City_10,32677
L_629,Location_41,City_5,13586
L_630,Location_44,City_5,67723
L_631,Location_78,City_5,99605
L_632,Location_4,City_1,22690
L_633,Location_8,City_6,63391
L_634,Location_20,City_10,20896
L_635,Location_17,City_7,34161
L_636,Location_63,City_4,68736
L_637,Location_41,City_5,60834
L_638,Location_16,City_2,72640
L_639,Location_55,City_9,20001
L_640,Location_27,City_1,59851
L_641,Location_36,City_10,67842
L_642,Location_58,City_8,32010
L_643,Location_88,City_1,97519
L_644,Location_85,City_7,38959
L_645,Location_25,City_1,48138
L_646,Location_89,City_6,97629
L_647,Location_82,City_4,75637
L_648,Location_63,City_6,12295
L_649,Location_70,City_5,72701
L_650,Location_29,City_5,27281
L_651,Location_10,City_10,91542
L_652,Location_83,City_3,55931
L_653,Location_48,City_8,62136
L_654,Location_68,City_7,42642
L_655,Location_92,City_2,13988
L_656,Location_10,City_9,56253
L_657,Location_91,City_4,43064
L_658,Location_85,City_9,93716
L_659,Location_48,City_2,15084
L_660,Location_42,City_5,84719
L_661,Location_40,City_9,16841
L_662,Location_8,City_1,46586
L_663,Location_88,City_3,63190
L_664,Location_27,City_1,82031
L_665,Location_40,City_2,14218
L_666,Location_22,City_7,67066
L_667,Location_57,City_7,84778
L_668,Location_20,City_8,71370
L_669,Location_94,City_1,70531
L_670,Location_52,City_7,56147
L_671,Location_76,City_2,43293
L_672,Location_63,City_9,68297
L_673,Location_26,City_10,86388
L_674,Location_18,City_2,77666
L_675,Location_6,City_5,70104
L_676,Location_2,City_5,81401
L_677,Location_37,City_8,53144
L_678,Location_18,City_6,84979
L_679,Location_32,City_4,93572
L_680,Location_74,City_9,46342
L_681,Location_69,City_10,82831
L_682,Location_87,City_8,20306
L_683,Location_44,City_6,54246
L_684,Location_58,City_2,54706
L_685,Location_89,City_8,66343
L_686,Location_26,City_7,71450
L_687,Location_41,City_9,46325
L_688,Location_85,City_4,91829
L_689,Location_47,City_5,34833
L_690,Location_30,City_1,90686
L_691,Location_3,City_5,86311
L_692,Location_22,City_6,68865
L_693,Location_98,City_8,67155
L_694,Location_32,City_8,92295
L_695,Location_79,City_9,86645
L_696,Location_85,City_4,41182
L_697,Location_15,City_3,19390
L_698,Location_44,City_6,71795
L_699,Location_52,City_8,36218
L_700,Location_18,City_5,17551
L_701,Location_79,City_8,68243
L_702,Location_57,City_1,63586
L_703,Location_83,City_8,62793
L_704,Location_76,City_4,52402
L_705,Location_98,City_5,17324
L_706,Location_8,City_1,27474
L_707,Location_9,City_7,26476
L_708,Location_28,City_8,17570
L_709,Location_92,City_6,61526
L_710,Location_4,City_7,41515
L_711,Location_96,City_3,79602
L_712,Location_26,City_1,58120
L_713,Location_45,City_7,15358
L_714,Location_4,City_7,90334
L_715,Location_79,City_5,43955
L_716,Location_53,City_4,12193
L_717,Location_31,City_7,78468
L_718,Location_8,City_3,68986
L_719,Location_2,City_4,45826
L_720,Location_35,City_5,25193
L_721,Location_71,City_5,36560
L_722,Location_46,City_9,14503
L_723,Location_33,City_1,23475
L_724,Location_29,City_10,48307
L_725,Location_34,City_3,16118
L_726,Location_72,City_7,77243
L_727,Location_41,City_4,96492
L_728,Location_78,City_7,66256
L_729,Location_60,City_7,86630
L_730,Location_34,City_2,12294
L_731,Location_47,City_8,63794
L_732,Location_16,City_9,45041
L_733,Location_92,City_7,50953
L_734,Location_3,City_2,70868
L_735,Location_15,City_6,63546
L_736,Location_35,City_6,79048
L_737,Location_94,City_2,51682
L_738,Location_52,City_3,11744
L_739,Location_78,City_5,44608
L_740,Location_22,City_5,66384
L_741,Location_9,City_5,20115
L_742,Location_62,City_7,64862
L_743,Location_97,City_8,41318
L_744,Location_14,City_8,82399
L_745,Location_66,City_10,98049
L_746,Location_36,City_7,10107
L_747,Location_33,City_8,94084
L_748,Location_43,City_5,28833
L_749,Location_61,City_8,63059
L_750,Location_49,City_7,86567
L_751,Location_22,City_4,26617
L_752,Location_38,City_2,86617
L_753,Location_64,City_9,30491
L_754,Location_74,City_8,71834
L_755,Location_94,City_4,49767
L_756,Location_39,City_4,58734
L_757,Location_46,City_9,48521
L_758,Location_44,City_2,21299
L_759,Location_24,City_2,87517
L_760,Location_95,City_5,23672
L_761,Location_76,City_9,24640
L_762,Location_49,City_7,64134
L_763,Location_74,City_3,40989
L_764,Location_25,City_2,68621
L_765,Location_64,City_3,95498
L_766,Location_20,City_1,71606
L_767,Location_76,City_6,84646
L_768,Location_41,City_3,99271
L_769,Location_27,City_8,45461
L_770,Location_57,City_5,56215
L_771,Location_58,City_9,21915
L_772,Location_41,City_1,61622
L_773,Location_65,City_2,35017
L_774,Location_43,City_7,60085
L_775,Location_24,City_1,19757
L_776,Location_3,City_10,19747
L_777,Location_40,City_3,19446
L_778,Location_85,City_2,87042
L_779,Location_71,City_3,36232
L_780,Location_75,City_4,92357
L_781,Location_29,City_9,88064
L_782,Location_27,City_1,61071
L_783,Location_40,City_7,59834
L_784,Location_19,City_6,38199
L_785,Location_11,City_8,44953
L_786,Location_94,City_9,78609
L_787,Location_12,City_8,27557
L_788,Location_83,City_3,87202
L_789,Location_43,City_8,26983
L_790,Location_79,City_5,15691
L_791,Location_42,City_8,84151
L_792,Location_62,City_2,22778
L_793,Location_45,City_9,66862
L_794,Location_83,City_4,78266
L_795,Location_66,City_2,65295
L_796,Location_67,City_5,86501
L_797,Location_63,City_4,20058
L_798,Location_70,City_6,37362
L_799,Location_35,City_5,52202
L_800,Location_98,City_2,12633
L_801,Location_44,City_3,47718
L_802,Location_14,City_9,14684
L_803,Location_53,City_2,77442
L_804,Location_27,City_3,70123
L_805,Location_38,City_1,65215
L_806,Location_30,City_6,25472
L_807,Location_34,City_6,61619
L_808,Location_19,City_1,79136
L_809,Location_62,City_5,75845
L_810,Location_50,City_2,74384
L_811,Location_1,City_9,21864
L_812,Location_42,City_1,89346
L_813,Location_62,City_5,59174
L_814,Location_90,City_1,94986
L_815,Location_6,City_7,77394
L_816,Location_40,City_4,95456
L_817,Location_13,City_1,10408
L_818,Location_50,City_3,84805
L_819,Location_46,City_1,23530
L_820,Location_71,City_2,38001
L_821,Location_45,City_8,57710
L_822,Location_61,City_9,11759
L_823,Location_69,City_10,17661
L_824,Location_84,City_2,86688
L_825,Location_29,City_8,55008
L_826,Location_72,City_7,56799
L_827,Location_4,City_8,78203
L_828,Location_85,City_1,33682
L_829,Location_60,City_7,13030
L_830,Location_19,City_10,52854
L_831,Location_25,City_4,69914
L_832,Location_3,City_1,83636
L_833,Location_9,City_2,46599
L_834,Location_69,City_4,97201
L_835,Location_82,City_9,88640
L_836,Location_74,City_1,70137
L_837,Location_74,City_5,38948
L_838,Location_78,City_3,29679
L_839,Location_13,City_8,15049
L_840,Location_34,City_3,93677
L_841,Location_82,City_3,61021
L_842,Location_5,City_10,53592
L_843,Location_16,City_6,14808
L_844,Location_37,City_2,34204
L_845,Location_30,City_2,74085
L_846,Location_88,City_8,92392
L_847,Location_60,City_5,19730
L_848,Location_12,City_2,86992
L_849,Location_38,City_8,47137
L_850,Location_46,City_10,29997
L_851,Location_23,City_9,24158
L_852,Location_89,City_4,33669
L_853,Location_22,City_6,31948
L_854,Location_70,City_3,76525
L_855,Location_57,City_5,63579
L_856,Location_22,City_3,84974
L_857,Location_70,City_7,98002
L_858,Location_47,City_3,37449
L_859,Location_83,City_1,89355
L_860,Location_54,City_4,33595
L_861,Location_15,City_10,24007
L_862,Location_16,City_2,52467
L_863,Location_41,City_10,72960
L_864,Location_32,City_2,37470
L_865,Location_38,City_5,79214
L_866,Location_11,City_9,92377
L_867,Location_62,City_7,38957
L_868,Location_70,City_2,12077
L_869,Location_34,City_4,74641
L_870,Location_87,City_9,99668
L_871,Location_23,City_6,73855
L_872,Location_32,City_9,90692
L_873,Location_12,City_9,88578
L_874,Location_30,City_5,76794
L_875,Location_18,City_7,18305
L_876,Location_32,City_7,46950
L_877,Location_46,City_1,44744
L_878,Location_5,City_5,84618
L_879,Location_22,City_5,62761
L_880,Location_94,City_3,74804
L_881,Location_92,City_6,24847
L_882,Location_88,City_4,60539
L_883,Location_81,City_7,78115
L_884,Location_66,City_8,19972
L_885,Location_34,City_7,89771
L_886,Location_85,City_4,53263
L_887,Location_43,City_8,98445
L_888,Location_89,City_3,93799
L_889,Location_71,City_5,20467
L_890,Location_43,City_2,54405
L_891,Location_71,City_7,21179
L_892,Location_97,City_2,48087
L_893,Location_94,City_7,66982
L_894,Location_28,City_6,27967
L_895,Location_28,City_2,99115
L_896,Location_12,City_6,51861
L_897,Location_75,City_10,58803
L_898,Location_35,City_7,60879
L_899,Location_95,City_1,21586
L_900,Location_95,City_6,33361
L_901,Location_28,City_4,69813
L_902,Location_54,City_3,52047
L_903,Location_86,City_7,91767
L_904,Location_11,City_4,47397
L_905,Location_9,City_1,68281
L_906,Location_70,City_3,57091
L_907,Location_86,City_10,88855
L_908,Location_58,City_4,80599
L_909,Location_41,City_3,69550
L_910,Location_86,City_9,96127
L_911,Location_55,City_1,25455
L_912,Location_55,City_8,58630
L_913,Location_80,City_8,52612
L_914,Location_55,City_6,58123
L_915,Location_71,City_9,46540
L_916,Location_47,City_1,44917
L_917,Location_95,City_3,84374
L_918,Location_49,City_4,63193
L_919,Location_73,City_4,44878
L_920,Location_25,City_5,71099
L_921,Location_77,City_2,97284
L_922,Location_91,City_9,43914
L_923,Location_25,City_9,14351
L_924,Location_5,City_6,37631
L_925,Location_97,City_6,96912
L_926,Location_46,City_5,38025
L_927,Location_36,City_3,27993
L_928,Location_60,City_4,62329
L_929,Location_7,City_4,58297
L_930,Location_75,City_9,79373
L_931,Location_11,City_5,28048
L_932,Location_69,City_6,23171
L_933,Location_16,City_6,56140
L_934,Location_65,City_2,80383
L_935,Location_51,City_5,50114
L_936,Location_14,City_9,78429
L_937,Location_29,City_3,94506
L_938,Location_51,City_1,11884
L_939,Location_56,City_8,24734
L_940,Location_23,City_1,12043
L_941,Location_1,City_4,85196
L_942,Location_51,City_3,46795
L_943,Location_59,City_5,15480
L_944,Location_79,City_2,61340
L_945,Location_28,City_9,81743
L_946,Location_21,City_4,84701
L_947,Location_29,City_3,26577
L_948,Location_31,City_5,32454
L_949,Location_57,City_4,14997
L_950,Location_16,City_2,96628
L_951,Location_91,City_9,59892
L_952,Location_70,City_8,27450
L_953,Location_18,City_5,92311
L_954,Location_12,City_7,93258
L_955,Location_20,City_6,17534
L_956,Location_27,City_1,86198
L_957,Location_13,City_3,53738
L_958,Location_53,City_1,72635
L_959,Location_48,City_2,15886
L_960,Location_5,City_10,16713
L_961,Location_71,City_7,70341
L_962,Location_79,City_7,65977
L_963,Location_22,City_9,42195
L_964,Location_7,City_9,56203
L_965,Location_3,City_10,75298
L_966,Location_34,City_6,71429
L_967,Location_47,City_4,47121
L_968,Location_23,City_2,96582
L_969,Location_58,City_8,28508
L_970,Location_43,City_6,83881
L_971,Location_31,City_8,12229
L_972,Location_47,City_3,97191
L_973,Location_7,City_7,24403
L_974,Location_90,City_3,90404
L_975,Location_23,City_6,85858
L_976,Location_52,City_8,52361
L_977,Location_19,City_5,47867
L_978,Location_1,City_10,78427
L_979,Location_55,City_7,11940
L_980,Location_49,City_2,93165
L_981,Location_84,City_5,85827
L_982,Location_66,City_1,29372
L_983,Location_24,City_4,64198
L_984,Location_100,City_4,83901
L_985,Location_22,City_6,12438
L_986,Location_95,City_5,91039
L_987,Location_63,City_4,19353
L_988,Location_55,City_1,23119
L_989,Location_6,City_3,50767
L_990,Location_1,City_1,80510
L_991,Location_60,City_7,66229
L_992,Location_44,City_6,78904
L_993,Location_23,City_1,72833
L_994,Location_10,City_5,97333
L_995,Location_48,City_7,89178
L_996,Location_46,City_8,29262
L_997,Location_94,City_2,57703
L_998,Location_83,City_2,67825
L_999,Location_23,City_9,31644
